backend,region,ws,max_abs_err,median_abs_err,max_rel_err_safe,signed_aggregate_err,aggregate_abs_err_max_sigma,sum_mass_rel_err_max_sigma,value_pass,worst_sigma,n_nan,prep_seconds,prep_nbytes,max_deriv_abs_err,deriv_floor_max,deriv_pass,panel_count,n_nonmonotone_rows,bound_violations,npz_bytes,npz_sha256,fast_path_events
quad_h10_q8,Lower South,none,2.1381230119743577e-11,1.3655743202889425e-14,3.99477377099442e-11,9.047518290117296e-11,1.5654211260596185e-10,7.969170633701129e-13,True,10.0,0,0.0011995000022579916,107560,5.4293032888952375e-08,5.429310704722449e-08,True,2689.0,,,,,
quad_h10_q8,North Delaware,none,6.805778163254672e-12,1.304512053934559e-14,1.013347521641658e-11,1.1269024602356126e-10,1.984102326879622e-10,1.2195842919918464e-12,True,11.044061634339652,0,0.004076699995493982,103640,5.458572638339376e-08,5.458552128819368e-08,True,2591.0,,,,,
quad_h10_q8,Central,none,9.806933043421395e-12,9.2148511043888e-15,2.5149899014105774e-11,-7.126760293019174e-11,2.9621549657576907e-10,7.374055107310758e-13,True,11.865945205886305,0,0.0013658999960171059,110640,5.2099782321679555e-08,5.2099731936057957e-08,True,2766.0,,,,,
quad_h10_q8,East Fairmount Park,none,6.821987419414199e-12,3.064215547965432e-14,2.1797235270389812e-11,1.1161072066556699e-11,4.427280764218722e-11,1.1409068629944767e-13,True,10.630000037921143,0,0.012194499999168329,142600,1.317750988882871e-07,1.3177492430571647e-07,True,3565.0,,,,,
quad_h10_q8,Mifflin Square,none,2.169375790117556e-13,1.587618925213974e-14,8.480490117990747e-13,1.0171641307010759e-11,1.0171641307010759e-11,8.470432506220179e-13,True,56.13790136144116,0,0.001512999995611608,3120,1.2100871371600874e-07,1.2100857353184816e-07,True,78.0,,,,,
quad_h20_q8,Lower South,none,1.678235328483879e-11,2.3425705819590803e-14,3.1355401135657423e-11,-1.073391375783217e-10,2.375527552445078e-10,9.433301354415357e-13,True,10.0,0,0.0007496000034734607,56360,5.429302943338321e-08,5.429310704722449e-08,True,1409.0,,,,,
quad_h20_q8,North Delaware,none,1.1940670674448484e-11,1.8818280267396403e-14,2.284706045146755e-11,-8.329320566602405e-11,1.849635444806097e-10,8.846479400010629e-13,True,10.0,0,0.0016011999978218228,56400,5.4585722830680083e-08,5.458552128819368e-08,True,1410.0,,,,,
quad_h20_q8,Central,none,1.0611067580157396e-11,1.509903313490213e-14,2.031523477682954e-11,-9.991807381481976e-11,3.415341343071532e-10,1.0338517815009703e-12,True,11.865945205886305,0,0.00349399999686284,75160,5.209978742870547e-08,5.2099731936057957e-08,True,1879.0,,,,,
quad_h20_q8,East Fairmount Park,none,3.511857471494295e-12,2.3092638912203256e-14,7.090743825082134e-12,2.5817792348448165e-11,5.4753757083858545e-11,2.541557704391497e-13,True,10.0,0,0.008848299999954179,101920,1.3177509913808727e-07,1.3177492430571647e-07,True,2548.0,,,,,
quad_h20_q8,Mifflin Square,none,8.990586053414518e-13,2.1094237467877974e-14,8.990586055165427e-13,-4.222910909845723e-11,4.222910909845723e-11,8.984916831211579e-13,True,10.0,0,0.001505100000940729,2160,1.210087074987598e-07,1.2100857353184816e-07,True,54.0,,,,,
quad_h20_q16,Lower South,none,1.753919232072576e-11,1.8762769116165146e-14,3.276944546916569e-11,-1.1488121565150777e-10,1.9948398488622843e-10,1.009612292078931e-12,True,10.0,0,0.0015631999995093793,56360,5.429302951664994e-08,5.429310704722449e-08,True,1409.0,,,,,
quad_h20_q16,North Delaware,none,1.0047962462067517e-11,1.3822276656583199e-14,1.482317046838831e-11,-1.9005941265248794e-10,3.032788464807368e-10,2.0054608323085182e-12,True,10.630000037921143,0,0.0009806000016396865,56400,5.4585722886191235e-08,5.458552128819368e-08,True,1410.0,,,,,
quad_h20_q16,Central,none,1.0326184352038581e-11,1.2323475573339238e-14,1.9212900881151328e-11,-1.0335515776560555e-10,3.451014474187275e-10,1.0694152709680905e-12,True,10.0,0,0.0013627000007545575,75160,5.209978781728353e-08,5.2099731936057957e-08,True,1879.0,,,,,
quad_h20_q16,East Fairmount Park,none,3.1065150452036505e-12,1.9095836023552692e-14,5.934698482442332e-12,1.9047763366586423e-11,4.28103108518485e-11,1.875101832193785e-13,True,11.066171867841833,0,0.008776599999691825,101920,1.3177509997075454e-07,1.3177492430571647e-07,True,2548.0,,,,,
quad_h20_q16,Mifflin Square,none,2.333688797762079e-13,1.6528445279107018e-14,6.457573696016846e-13,-1.0956124896210895e-11,1.0956124896210895e-11,6.453101957418885e-13,True,76.91032046036837,0,0.0012073999969288707,2160,1.2100869750675258e-07,1.2100857353184816e-07,True,54.0,,,,,
quad_h40_q16,Lower South,none,1.986100173212435e-11,2.4313884239290928e-14,3.7107410724653203e-11,1.1183298731509694e-10,2.135942533953994e-10,9.850393553379458e-13,True,10.0,0,0.0016786999985924922,35480,5.4293029350116484e-08,5.429310704722449e-08,True,887.0,,,,,
quad_h40_q16,North Delaware,none,8.736789069985207e-12,1.2101430968414206e-14,1.2984261511686725e-11,-1.22963417226174e-10,1.8496226772413138e-10,1.2974801595582773e-12,True,10.651281319278342,0,0.0011442999966675416,35480,5.4585726994016426e-08,5.458552128819368e-08,True,887.0,,,,,
quad_h40_q16,Central,none,1.0149103779610869e-11,2.398081733190338e-14,2.4066029204115384e-11,1.3957973665768009e-10,2.2437302016342642e-10,1.4392126117595253e-12,True,11.842237023656763,0,0.0011250000025029294,58360,5.209978160003459e-08,5.2099731936057957e-08,True,1459.0,,,,,
quad_h40_q16,East Fairmount Park,none,4.143907439413397e-12,1.9095836023552692e-14,1.2015669629050708e-11,2.6911806116913795e-11,5.109224154864478e-11,2.6492547175376006e-13,True,10.0,0,0.00765279999905033,87240,1.3177500504668593e-07,1.3177492430571647e-07,True,2181.0,,,,,
quad_h40_q16,Mifflin Square,none,3.43836070726411e-13,8.926193117986259e-14,1.1272350535526706e-12,1.6130985436291212e-11,1.6130985436291212e-11,1.1266289742431409e-12,True,56.13790136144116,0,0.0009358999959658831,1680,1.2100876856102616e-07,1.2100857353184816e-07,True,42.0,,,,,
table_K24,Lower South,none,0.001006900048258652,3.4027800465130653e-06,0.0019016374900859179,-0.014228856970864484,0.03195370473506412,0.00017224604438619982,False,470.3664141263562,0,17.848014000002877,49344,0.03859935226385866,5.429310704722449e-08,False,,88.0,387.0,25215.0,0ba4ed72de762c30,
table_K24,North Delaware,none,0.0012656134348525416,1.5040944496003128e-06,0.0014349544364272344,-0.026289926942571706,0.03265172597108268,0.0003326281751465702,False,470.3664141263562,0,17.919667799993476,49344,0.04706184516546061,5.458552128819368e-08,False,,110.0,266.0,15655.0,89048d69c08de84c,
table_K24,Central,none,0.0012877536358206765,9.078375410309647e-07,0.001604850070724197,-0.023875979411162374,0.039077554319364216,0.0002924977843944318,False,470.3664141263562,0,18.06591710000066,49344,0.04939401293315912,5.2099731936057957e-08,False,,104.0,325.0,22300.0,ce3c7ca1a41d495f,
table_K24,East Fairmount Park,none,0.0010896036825651656,2.2495488492091376e-05,0.0034814411637240283,0.014988110646496591,0.023026624554428526,0.0004837070188911981,False,10.630000037921143,0,33.78424950000044,42432,0.041830535699890536,1.3177492430571647e-07,False,,25.0,37.0,14766.0,0f968e6ca3af12c4,
table_K24,Mifflin Square,none,0.0004120490701593482,1.3898978068310405e-05,0.0018089634480468403,-0.019365718713770796,0.019365718713770796,0.0018089624828579649,True,31.622776601683793,0,5.3204380000024685,18240,0.006621344542462659,1.2100857353184816e-07,False,,0.0,0.0,1753.0,aa5eaf2264959787,
table_K40,Lower South,none,0.0002521772435586378,6.738731849198487e-07,0.00039546979627241657,-0.003023179464515746,0.007616440043742789,3.659680502085964e-05,True,470.3664141263562,0,27.902024099996197,82240,0.023228382514910467,5.429310704722449e-08,False,,97.0,201.0,41416.0,d70c11bf7a6eb25c,
table_K40,North Delaware,none,0.00028658054425401147,2.5977375739394404e-07,0.00029733109087337633,-0.005938121720787892,0.007417435006252471,7.513092737376291e-05,True,470.3664141263562,0,27.23726919999899,82240,0.02839528912508607,5.458552128819368e-08,False,,110.0,121.0,25217.0,efa03a25582aaf1b,
table_K40,Central,none,0.00028191561820645195,1.5545831233421126e-07,0.00036067779877987656,-0.004802499411805661,0.008363540843499995,5.883404459848002e-05,True,470.3664141263562,0,30.52529830000276,82240,0.029009690929982623,5.2099731936057957e-08,False,,105.0,161.0,36401.0,2a71cc3dc2f38b9d,
table_K40,East Fairmount Park,none,0.00024376514904295155,4.5215463460035465e-06,0.0007788648641142044,0.0032092709990246965,0.004462772602780649,0.0001056902202708116,True,10.630000037921143,0,50.85286469999846,70720,0.02504374667729234,1.3177492430571647e-07,False,,26.0,29.0,24190.0,28424c26a9f04e90,
table_K40,Mifflin Square,none,7.222093097258853e-05,3.395448196885642e-06,0.00014561123113339465,0.003394277768465015,0.003394277768465015,0.00014561113634312592,True,27.83604811489829,0,6.877341999999771,30400,0.004222360842011164,1.2100857353184816e-07,False,,0.0,0.0,2467.0,269ff904a09f503b,
table_K64,Lower South,none,9.516911180007526e-06,1.5575080836160993e-07,1.7571261326295064e-05,6.839209753756181e-05,0.0001983257816202122,6.099279166502574e-07,True,456.4399055840272,0,39.36917050000193,131584,0.014934112836874028,5.429310704722449e-08,False,,102.0,33.0,65391.0,1dde2de40421e849,
table_K64,North Delaware,none,5.241404185452048e-06,5.8893757148847925e-08,1.1007963144155539e-05,-7.091252167468198e-05,0.00015161490737419792,8.821658411441174e-07,True,421.37351161200934,0,59.48675530000037,131584,0.017723701807639464,5.458552128819368e-08,False,,110.0,19.0,39424.0,a99ab82cca17beee,
table_K64,Central,none,7.445640082703875e-06,3.3542726818325264e-08,1.1269273148433607e-05,-3.685732870356562e-05,0.0001858901016888459,4.458911445521649e-07,True,421.37351161200934,0,60.39286179999908,131584,0.017967715824013464,5.2099731936057957e-08,False,,105.0,38.0,57324.0,c97bba146e2a8808,
table_K64,East Fairmount Park,none,1.1229667576273528e-05,8.699282598723102e-07,2.3752001447610612e-05,0.0002560549914998114,0.000304795093550303,7.494279952738849e-06,True,200.0,0,89.48964400000114,113152,0.015608855876258293,1.3177492430571647e-07,False,,30.0,5.0,38625.0,804a496e1f61e11b,
table_K64,Mifflin Square,none,1.5342384319438906e-05,4.7360497004711455e-07,1.6575428749839922e-05,0.0007210714407483998,0.0007210714407483998,1.6574981801302337e-05,True,25.748603538794267,0,12.32005019999633,48640,0.0016178835591995067,1.2100857353184816e-07,False,,0.0,0.0,3522.0,1d240adc841ffe58,
quad_h20_q16,Lower South,400.0,1.7594148360444706e-11,1.0325074129013956e-14,3.287212288519717e-11,-1.1583400905124108e-10,1.9401968920362833e-10,1.0179857404510348e-12,True,10.0,0,0.1608803999988595,947200,,,,185.0,,,,,27.0
quad_h20_q16,Mifflin Square,400.0,2.2926105458509483e-13,3.519406988061746e-14,5.718603661992753e-13,-1.0716649789799249e-11,1.0716649789799249e-11,5.704549104430008e-13,True,50.0,0,0.04891549999592826,101520,,,,54.0,,,,,0.0
